insert into medique values (24730016, 'Thor',	'Odinson', 	'Clínico', 	4600.00, '11-2059-6663');
insert into medique values (20559675, 'Loki',	'Odinson', 	'Clínico', 	4700.00, '11-7049-4146');
insert into medique values (29732435, 'Anthony', 'Stark', 	'Clínico', 	2300.00, '11-8140-2848');
insert into medique values (41724061, 'Steve', 	'Rogers', 	'Clínico', 	2000.00, '11-7597-2544');
insert into medique values (18715278, 'Clint', 	'Barton', 	'Clínico', 	4500.00, '11-7018-4067');
insert into medique values (16165033, 'Bruce', 	'Banner', 	'Clínico', 	3300.00, '11-6888-5429');
insert into medique values (14748852, 'Scott', 	'Lang', 	'Clínico', 	4400.00, '11-6784-8967');
insert into medique values (41545929, 'Carol', 	'Danvers', 	'Clínico', 	2050.00, '11-8330-4425');
insert into medique values (28314498, 'Wanda', 	'Maximoff', 'Clínico', 	4950.00, '11-7809-4126');
insert into medique values (28120073, 'Pepper', 'Potts', 	'Clínico', 	4800.00, '11-4658-2548');
insert into medique values (49194249, 'Peter', 	'Parker', 	'Clínico', 	2750.00, '11-4045-2400');
insert into medique values (43461574, 'Stephen', 'Strange', 'Clínico', 	3100.00, '11-4033-1622');
insert into medique values (36870451, 'Peggy', 	'Carter', 	'Clínico', 	4400.00, '11-2065-9200');
insert into medique values (46172249, 'Jane', 	'Foster', 	'Clínico', 	3250.00, '11-5975-3603');
insert into medique values (21376991, 'Bucky', 	'Barnes', 	'Clínico', 	4600.00, '11-2880-3211');
insert into medique values (33363254, 'Hank', 	'Pym', 		'Clínico', 	3150.00, '11-1917-0511');
insert into medique values (47732517, 'Sam', 	'Wilson', 	'Clínico',	2300.00, '11-8444-8464');
insert into medique values (30312016, 'Natasha', 'Romanoff', 'Osteopatía', 	3500.00, '11-3081-6034');
insert into medique values (18775425, 'Stan', 	'Lee', 		'Cardiología', 	2000.00, '11-7059-9275');
insert into medique values (42327849, 'Nick', 	'Fury', 	'Ginecología', 	4300.00, '11-7411-4491');

insert into obra_social values (1, 'Obra Social de panaderos, pasteleros y factureros de Entre Rios', 'Pedro', 'Alarcon', '11-2759-3533', 'pedroalarcon@email.com');
insert into obra_social values (2, 'Obra Social del personal de la actividad azucarera tucumana', 'Catalina', 'Ramirez', '11-3868-6462', 'catalinaramirez@email.com');
insert into obra_social values (3, 'Obra Social del personal de panaderias', 'Marisa', 'Rodriguez', '11-4648-6649', 'marisarodriguez@email.com');
insert into obra_social values (4, 'Obra Social de trabajadores de la industria del gas', 'Marisa', 'Martinez', '11-9487-1229', 'marisamartinez@email.com');
insert into obra_social values (5, 'Obra Social de trabajadores del petroleo y gas privado del Chubut', 'Marisa', 'Almaraz', '11-5776-2038', 'marisaalmaraz@email.com');
insert into obra_social values (6, 'Obra Social de conductores camioneros y personal del transporte automotor de cargas', 'Pedro', 'Ramirez', '11-2608-7842', 'pedroramirez@email.com');
insert into obra_social values (7, 'Obra Social del personal de industrias quimicas y petroquimicas', 'Catalina', 'Palacios', '11-8854-0309', 'catalinapalacios@email.com');
insert into obra_social values (8, 'Obra Social de agentes de propaganda medica de Entre Rios', 'Ana', 'Perez', '11-9112-7852', 'anaperez@email.com');
insert into obra_social values (9, 'Obra Social del personal cinematografico de Mar del Plata', 'Eliana', 'Martinez', '11-6456-7416', 'elianamartinez@email.com');
insert into obra_social values (10, 'Obra Social conductores de taxis de Cordoba', 'Abril', 'Parrilla', '11-1167-0325', 'abrilparrilla@email.com');
insert into obra_social values (11, 'Obra Social del personal de la ceramica, sanitarios, porcelana de mesa y afines', 'Armando', 'Palacios', '11-6445-0660', 'armandopalacios@email.com');
insert into obra_social values (12, 'Obra Social del personal de la industria cinematografica', 'Juan', 'Paredes', '11-3701-6428', 'juanparedes@email.com');
insert into obra_social values (13, 'Obra Social de jefes y oficiales navales de radiocomunicaciones', 'Fernanda', 'Paredes', '11-6743-5555', 'fernandaparedes@email.com');
insert into obra_social values (14, 'Obra Social de los supervisores de la industria metalmecanica de la Republica Argentina', 'Eliana', 'Fernandez', '11-3424-7074', 'elianafernandez@email.com');
insert into obra_social values (15, 'Obra Social de la industria de pastas alimenticias', 'Juan', 'Fernandez', '11-5885-0118', 'juanfernandez@email.com');
insert into obra_social values (16, 'Obra Social de musicos', 'Laura', 'Fernandez', '11-5012-2500', 'laurafernandez@email.com');
insert into obra_social values (17, 'Obra Social del personal de direccion de la empresa subterraneos de Buenos Aires', 'Eliana', 'Parrilla', '11-6321-6311', 'elianaparrilla@email.com');
insert into obra_social values (18, 'Obra Social de recibidores de granos y anexos', 'Abril', 'Almaraz', '11-1076-5360', 'abrilalmaraz@email.com');

insert into paciente values (1,	'Mariana', 	'Lopez',	48914850, '2008-08-25', 6, 	729563014, 'Paunero 1135', 					'11-6166-3670', 'mlopez3@email.com');
insert into paciente values (2,	'Marcela', 	'Trupia', 	39176511, '1990-06-26', 18, 485970623, 'Entre Ríos 698', 				'11-1054-7634', 'mtrupia9@email.com');
insert into paciente values (3,	'Pablo',	'Agüero', 	46851930, '2007-08-19', 2, 	862109437, 'Hipólito Yrigoyen 2111', 		'11-8220-0162', 'pagüero0@email.com');
insert into paciente values (4,	'Demian',	'Lopez', 	28122566, '1983-09-09', 15, 143905276, 'Sargento Cabral 1164', 			'11-9820-8285', 'dlopez5@email.com');
insert into paciente values (5,	'Florencia','Agüero', 	27856313, '1983-01-16', 7, 	356084791, 'Mariano Moreno 4779', 			'11-6960-3783', 'fagüero2@email.com');
insert into paciente values (6,	'Agustina', 'Messi', 	24192048, '1978-07-02', 18, 690527841, 'Amenábar 2363', 				'11-1027-7071', 'amessi7@email.com');
insert into paciente values (7,	'Jonathan', 'Lopez', 	32627385, '1985-02-15', 7, 	219384065, 'Jaramillo 2596', 				'11-9245-1154', 'jlopez1@email.com');
insert into paciente values (8,	'Emmanuel', 'Santos', 	40715715, '1995-02-08', 12, 537621908, 'Avenida Olazabal 4299', 		'11-3212-1157', 'esantos9@email.com');
insert into paciente values (9, 'Luciana', 	'Garri', 	32826383, '1985-01-02', 10, 802346157, 'Avenida Directorio 843', 		'11-7033-0355', 'lgarri1@email.com');
insert into paciente values (10, 'Estela', 	'Garri', 	20169015, '1963-05-21', 4, 	674920583, 'Avenida Maipú 3702', 			'11-6225-6236', 'egarri0@email.com');
insert into paciente values (11, 'Esther', 	'Lujan', 	37773772, '1987-07-17', 5, 	951372048, 'José Bonaficio 464', 			'11-3212-1054', 'elujan7@email.com');
insert into paciente values (12, 'Daniel', 	'Messi', 	37721576, '1987-06-15', 3, 	287409536, 'Bernardino Rivadavia 439',		'11-7258-4706', 'dmessi8@email.com');
insert into paciente values (13, 'Patricia', 'Garri', 	15688060, '1953-08-27', 1, 	406281957, 'Juan de Garay 472', 			'11-6034-9712', 'pgarri5@email.com');
insert into paciente values (14, 'Evelyn', 	'Garri', 	14764966, '1950-12-12', 16, 163907842, 'Sarmiento 1249',				'11-2839-3033', 'egarri3@email.com');
insert into paciente values (15, 'Elena', 	'Agüero', 	32880364, '1985-12-17', 17, 743512096, 'Avenida León Gallardo 388',		'11-7791-9212', 'eagüero1@email.com');
insert into paciente values (16, 'Ana', 	'Santos', 	38564003, '1989-10-20', 8, 	526178039, 'Maestro Ángel DElía 1145', 		'11-4499-9588', 'asantos9@email.com');
insert into paciente values (17, 'Nina', 	'Trupia', 	27931834, '1983-07-28', 14, 310429768, 'Sargento Cabral 916', 			'11-6649-7953', 'ntrupia1@email.com');
insert into paciente values (18, 'Marlene',	'Lujan', 	33702113, '1985-06-15', 11, 879601532, 'Presidente Perón 1015', 		'11-2083-2646', 'mlujan3@email.com');
insert into paciente values (19, 'Sol',		'Garri', 	30608484, '1980-03-22', 13, 635214709, 'Sargento Cabral 1069', 			'11-5107-6714', 'sgarri1@email.com');
insert into paciente values (20, 'Juan',	'Lopez', 	44489608, '2002-08-27', 9, 	498763021, 'Maestro Ángel DElía 1427', 		'11-2381-7836', 'jlopez10@email.com');
insert into paciente values (21, 'Armando',	'Barrera', 	44256849, '2002-04-05', null, null,	   'Avenida León Gallardo 653', 	'11-9438-1039', 'abarrera5@email.com');

insert into consultorio values (1, 'Anexus Consultorios Médicos', 'Av. Pres. Hipólito Yrigoyen 2375', 'B1666GQH', '11-2351-7877');
insert into consultorio values (2, 'Consultorio San Miguel', 'Italia 1213', 'B1663NXY', '11-4131-7095');
insert into consultorio values (3, 'Consultorio Médico Lourdes', 'Padre Stoppler 1121', 'B1615KCW', '11-4801-1221');
insert into consultorio values (4, '25 De Mayo Consultorio Médicos', '25 de Mayo 2557', 'B1613FOM', '11-2235-5689');
insert into consultorio values (5, 'Consultorios Médicos Hurlingham', 'Arturo Jauretche 1587', 'B1686FDG', '11-4452-7722');

insert into agenda values (24730016, 1, 1, '08:15', '12:00', '45m');
insert into agenda values (20559675, 1, 1, '12:00', '17:00', '15m');
insert into agenda values (29732435, 2, 1, '08:00', '11:45', '45m');
insert into agenda values (18775425, 2, 1, '12:00', '17:00', '30m');
insert into agenda values (36870451, 3, 1, '08:00', '11:45', '45m');
insert into agenda values (41724061, 3, 1, '12:00', '17:00', '15m');
insert into agenda values (18715278, 4, 1, '09:00', '12:00', '45m');
insert into agenda values (16165033, 4, 1, '12:00', '17:00', '30m');
insert into agenda values (24730016, 5, 1, '09:00', '12:00', '45m');
insert into agenda values (20559675, 5, 1, '12:00', '17:00', '30m');
insert into agenda values (16165033, 2, 2, '08:15', '17:00', '1h 15m');
insert into agenda values (14748852, 2, 3, '08:00', '17:00', '45m');
insert into agenda values (41545929, 2, 4, '08:00', '17:00', '30m');
insert into agenda values (28314498, 3, 2, '08:00', '17:00', '30m');
insert into agenda values (28120073, 3, 4, '08:00', '17:00', '45m');
insert into agenda values (49194249, 3, 5, '08:00', '17:00', '15m');
insert into agenda values (43461574, 4, 2, '08:00', '16:45', '1h 15m');
insert into agenda values (36870451, 4, 3, '08:00', '17:00', '45m');
insert into agenda values (46172249, 4, 4, '08:00', '17:00', '15m');
insert into agenda values (21376991, 5, 2, '08:00', '17:00', '30m');
insert into agenda values (33363254, 5, 3, '08:00', '17:00', '15m');
insert into agenda values (47732517, 5, 4, '09:15', '16:45', '1h 15m');
insert into agenda values (30312016, 6, 1, '08:00', '17:00', '15m');
insert into agenda values (18775425, 6, 2, '08:00', '17:00', '15m');
insert into agenda values (42327849, 6, 3, '08:00', '17:00', '45m');

insert into cobertura values (24730016, 7, 	1260.00, 2940.00);
insert into cobertura values (20559675, 18, 1200.00, 2800.00);
insert into cobertura values (29732435, 2, 	1740.00, 4060.00);
insert into cobertura values (41724061, 15, 1350.00, 3150.00);
insert into cobertura values (18715278, 7, 	1290.00, 3010.00);
insert into cobertura values (16165033, 18, 1890.00, 4410.00);
insert into cobertura values (14748852, 6, 	2550.00, 5950.00);
insert into cobertura values (41545929, 12, 1620.00, 3780.00);
insert into cobertura values (28314498, 10, 1800.00, 4200.00);
insert into cobertura values (28120073, 4, 	1680.00, 3920.00);
insert into cobertura values (49194249, 5, 	1380.00, 3220.00);
insert into cobertura values (43461574, 3, 	1230.00, 2870.00);
insert into cobertura values (36870451, 1, 	1470.00, 3430.00);
insert into cobertura values (46172249, 16, 2100.00, 4900.00);
insert into cobertura values (21376991, 17, 1710.00, 3990.00);
insert into cobertura values (33363254, 8, 	2250.00, 5250.00);
insert into cobertura values (47732517, 14, 2160.00, 5040.00);
insert into cobertura values (30312016, 11, 2400.00, 5600.00);
insert into cobertura values (18775425, 13, 2430.00, 5670.00);
insert into cobertura values (42327849, 9, 	1770.00, 4130.00);

insert into solicitud_reservas values (1, 3, 29732435, '2023-06-06', '08:00:00');
insert into solicitud_reservas values (2, 11, 49194249, '2023-06-28', '11:15:00');
insert into solicitud_reservas values (3, 1, 0, '2023-06-15', '15:00:00');
insert into solicitud_reservas values (4, 0, 24730016, '2023-06-19', '8:45:00');
insert into solicitud_reservas values (5, 5, 41724061, '2023-06-21', '12:30:00');
insert into solicitud_reservas values (6, 3, 29732435, '2000-01-01', '00:00:00');
insert into solicitud_reservas values (7, 11, 49194249, '2023-06-28', '11:15:00');
insert into solicitud_reservas values (8, 21, 21376991, '2023-06-23', '08:00:00');
insert into solicitud_reservas values (9, 1, 24730016, '2023-06-23', '10:30:00');
insert into solicitud_reservas values (10, 1, 18715278, '2023-06-15', '09:45:00');
insert into solicitud_reservas values (11, 1, 24730016, '2023-06-30', '09:00:00');
insert into solicitud_reservas values (12, 1, 18715278, '2023-06-15', '11:15:00');
insert into solicitud_reservas values (13, 1, 24730016, '2023-06-30', '11:15:00');
insert into solicitud_reservas values (14, 1, 18715278, '2023-06-29', '11:15:00');

insert into solicitud_reservas values (15, 5, 18715278, '2023-06-15', '09:00:00');  --a atender. nro 791. obra social nro 7
insert into solicitud_reservas values (16, 7, 18715278, '2023-06-15', '09:45:00');  --a atender. nro 792. obra social nro 7
insert into solicitud_reservas values (17, 6, 16165033, '2023-06-15', '12:00:00');  --a atender. nro 795. obra social nro 18
insert into solicitud_reservas values (18, 2, 16165033, '2023-06-15', '12:30:00');  --a atender. nro 796. obra social nro 18
insert into solicitud_reservas values (19, 12, 43461574, '2023-06-15', '11:45:00'); --no atender
insert into solicitud_reservas values (20, 13, 36870451, '2023-06-15', '09:30:00'); --no atender

--para estos turnos se generan recordatorios
insert into solicitud_reservas values (21, 19, 18775425, '2023-06-17', '08:15:00');
insert into solicitud_reservas values (22, 20, 42327849, '2023-06-17', '08:00:00');
